{
  "Logistic_Regression": {
    "mean": 0.5817241162669902,
    "std": 0.0021766635847700086,
    "scores": [
      0.582028155424157,
      0.582720153185786,
      0.584782600402832,
      0.5809144973754883,
      0.5781751749466876
    ]
  },
  "Random_Forest": {
    "mean": 1.0,
    "std": 0.0,
    "scores": [
      1.0,
      1.0,
      1.0,
      1.0,
      1.0
    ]
  },
  "Gradient_Boosting": {
    "mean": 0.9240358235884687,
    "std": 0.0027079472450801216,
    "scores": [
      0.9221898098381198,
      0.9274158964351732,
      0.9266451913483289,
      0.92375846784942,
      0.9201697524713011
    ]
  },
  "XGBoost": {
    "mean": 0.9999975399095185,
    "std": 2.056562572343507e-06,
    "scores": [
      0.9999984624434491,
      0.9999994161177654,
      0.9999995523569536,
      0.9999943752678073,
      0.9999958933616171
    ]
  },
  "Decision_Tree": {
    "mean": 0.9522356208489866,
    "std": 0.003602259536379649,
    "scores": [
      0.9578793876025141,
      0.9482833803916465,
      0.9549825532095773,
      0.9499343366039041,
      0.9500984464372908
    ]
  },
  "SVM": {
    "mean": 0.9805301938738141,
    "std": 0.0017586468268632107,
    "scores": [
      0.9781205702801139,
      0.9803787153594348,
      0.9828109935838351,
      0.9791881794832189,
      0.9821525106624681
    ]
  },
  "KNN": {
    "mean": 0.9965350871183434,
    "std": 0.00040915894591542104,
    "scores": [
      0.9963743735332877,
      0.9968196810508261,
      0.9969186977464325,
      0.995804738025276,
      0.9967579452358946
    ]
  },
  "Naive_Bayes": {
    "mean": 0.6118062700544085,
    "std": 0.00546299665281339,
    "scores": [
      0.6176060073229731,
      0.6175338589415259,
      0.6081360797492825,
      0.6122618694694675,
      0.6034935347887934
    ]
  },
  "Neural_Network": {
    "mean": 0.9999888322791275,
    "std": 2.1966165283533353e-05,
    "scores": [
      0.9999999221490354,
      0.9999995328942124,
      0.9999999610745177,
      0.9999449009798012,
      0.9999998442980709
    ]
  },
  "AdaBoost": {
    "mean": 0.7992356203040298,
    "std": 0.0029826901219796543,
    "scores": [
      0.8041503186128578,
      0.7980718418043486,
      0.8008923044010084,
      0.7956351941945602,
      0.797428442507374
    ]
  }
}