{
  "Random_Forest": {
    "features": [
      "Age_Insured",
      "Policy_Premium",
      "Policy_Ded",
      "Umbrella_Limit",
      "Capital_Gains",
      "Capital_Loss",
      "Accident_Hour",
      "Num_of_Vehicles_Involved",
      "Bodily_Injuries",
      "Witnesses",
      "Auto_Year",
      "Vehicle_Cost",
      "Annual_Mileage",
      "DiffIN_Mileage",
      "Total_Claim",
      "Injury_Claim",
      "Property_Claim",
      "Vehicle_Claim",
      "Claim_to_VehicleCost_Ratio",
      "Premium_to_Claim_Ratio",
      "Vehicle_Age",
      "High_Mileage_Flag",
      "Claim_Severity_Score",
      "Claim_Reporting_Delay",
      "Policy_Tenure_at_Accident"
    ],
    "importance": [
      0.11019632313451082,
      0.12678344732301114,
      0.03671846115744109,
      0.0,
      0.07798045734498545,
      0.07982421314461277,
      0.10069572002768389,
      0.031124216623336216,
      0.033130626093373715,
      0.0448745432500593,
      0.04626448222350335,
      0.06416660421349148,
      0.001135263816308426,
      0.0016523389855456476,
      0.001189117802334975,
      0.001276821420572054,
      0.0012645492588227263,
      0.0011847310037868838,
      0.0025990419545588376,
      0.0022036453999579168,
      0.04849444491910507,
      9.818563836309585e-05,
      0.0012777362665022797,
      0.06142259044308662,
      0.1244424385550463
    ]
  },
  "Gradient_Boosting": {
    "features": [
      "Age_Insured",
      "Policy_Premium",
      "Policy_Ded",
      "Umbrella_Limit",
      "Capital_Gains",
      "Capital_Loss",
      "Accident_Hour",
      "Num_of_Vehicles_Involved",
      "Bodily_Injuries",
      "Witnesses",
      "Auto_Year",
      "Vehicle_Cost",
      "Annual_Mileage",
      "DiffIN_Mileage",
      "Total_Claim",
      "Injury_Claim",
      "Property_Claim",
      "Vehicle_Claim",
      "Claim_to_VehicleCost_Ratio",
      "Premium_to_Claim_Ratio",
      "Vehicle_Age",
      "High_Mileage_Flag",
      "Claim_Severity_Score",
      "Claim_Reporting_Delay",
      "Policy_Tenure_at_Accident"
    ],
    "importance": [
      0.11407957871615004,
      0.21162415124771444,
      0.020642380028014832,
      0.0,
      0.08550745834174546,
      0.0808064936327822,
      0.0892457457491903,
      0.01807974631484905,
      0.009617038900516742,
      0.03999555279840296,
      0.013248187094984678,
      0.07094758064669805,
      0.007537853657829557,
      0.013401109705712644,
      0.00027819348502906757,
      0.009087476093676251,
      0.008873153038861197,
      0.009702773037956441,
      0.0004130630334135199,
      0.0013808929661607255,
      0.014820181694167864,
      0.0,
      0.0005259865995663796,
      0.06853048815035506,
      0.11165491506622252
    ]
  },
  "XGBoost": {
    "features": [
      "Age_Insured",
      "Policy_Premium",
      "Policy_Ded",
      "Umbrella_Limit",
      "Capital_Gains",
      "Capital_Loss",
      "Accident_Hour",
      "Num_of_Vehicles_Involved",
      "Bodily_Injuries",
      "Witnesses",
      "Auto_Year",
      "Vehicle_Cost",
      "Annual_Mileage",
      "DiffIN_Mileage",
      "Total_Claim",
      "Injury_Claim",
      "Property_Claim",
      "Vehicle_Claim",
      "Claim_to_VehicleCost_Ratio",
      "Premium_to_Claim_Ratio",
      "Vehicle_Age",
      "High_Mileage_Flag",
      "Claim_Severity_Score",
      "Claim_Reporting_Delay",
      "Policy_Tenure_at_Accident"
    ],
    "importance": [
      0.05481209605932236,
      0.06456562876701355,
      0.05222032219171524,
      0.0,
      0.07562724500894547,
      0.061746466904878616,
      0.06682159006595612,
      0.06101488694548607,
      0.06264142692089081,
      0.056576475501060486,
      0.05873001739382744,
      0.0542510524392128,
      0.016476355493068695,
      0.019914614036679268,
      0.004476733971387148,
      0.022722790017724037,
      0.013906626962125301,
      0.015152466483414173,
      0.002140240976586938,
      0.004638106562197208,
      0.03869353607296944,
      0.0764230340719223,
      0.002324816770851612,
      0.05183786153793335,
      0.0622856505215168
    ]
  },
  "Decision_Tree": {
    "features": [
      "Age_Insured",
      "Policy_Premium",
      "Policy_Ded",
      "Umbrella_Limit",
      "Capital_Gains",
      "Capital_Loss",
      "Accident_Hour",
      "Num_of_Vehicles_Involved",
      "Bodily_Injuries",
      "Witnesses",
      "Auto_Year",
      "Vehicle_Cost",
      "Annual_Mileage",
      "DiffIN_Mileage",
      "Total_Claim",
      "Injury_Claim",
      "Property_Claim",
      "Vehicle_Claim",
      "Claim_to_VehicleCost_Ratio",
      "Premium_to_Claim_Ratio",
      "Vehicle_Age",
      "High_Mileage_Flag",
      "Claim_Severity_Score",
      "Claim_Reporting_Delay",
      "Policy_Tenure_at_Accident"
    ],
    "importance": [
      0.0905152027812325,
      0.1927308476540887,
      0.01616072188577639,
      0.0,
      0.11507857861080659,
      0.047149387695598115,
      0.09538138364832914,
      0.015453881995341768,
      0.016116747656461906,
      0.05784258632814128,
      0.045956682231756314,
      0.059795978720368716,
      0.0,
      0.0,
      0.0,
      0.0,
      0.0,
      0.0,
      0.0,
      0.00016818085702343326,
      0.023627031215135274,
      0.0,
      8.423308982133026e-05,
      0.06958207997912305,
      0.1543564756509954
    ]
  },
  "AdaBoost": {
    "features": [
      "Age_Insured",
      "Policy_Premium",
      "Policy_Ded",
      "Umbrella_Limit",
      "Capital_Gains",
      "Capital_Loss",
      "Accident_Hour",
      "Num_of_Vehicles_Involved",
      "Bodily_Injuries",
      "Witnesses",
      "Auto_Year",
      "Vehicle_Cost",
      "Annual_Mileage",
      "DiffIN_Mileage",
      "Total_Claim",
      "Injury_Claim",
      "Property_Claim",
      "Vehicle_Claim",
      "Claim_to_VehicleCost_Ratio",
      "Premium_to_Claim_Ratio",
      "Vehicle_Age",
      "High_Mileage_Flag",
      "Claim_Severity_Score",
      "Claim_Reporting_Delay",
      "Policy_Tenure_at_Accident"
    ],
    "importance": [
      0.1,
      0.24,
      0.0,
      0.0,
      0.12,
      0.11,
      0.05,
      0.02,
      0.01,
      0.03,
      0.0,
      0.05,
      0.02,
      0.02,
      0.01,
      0.02,
      0.02,
      0.02,
      0.0,
      0.01,
      0.02,
      0.0,
      0.0,
      0.03,
      0.1
    ]
  }
}